"id"	"name"	"class"	"symbols_geneHgnc"	"comment"	"name_isoform"
"DTAR-000043"	"ABCB1"	"protein"	"ABCB1"		
"DTAR-000102"	"ABL1"	"protein"	"ABL1"		
"DTAR-000103"	"ABL2"	"protein"	"ABL2"		
"DTAR-000143"	"ACE"	"protein"	"ACE"		
"DTAR-000144"	"ACE2"	"protein"	"ACE2"		
"DTAR-000175"	"ACP3"	"protein"	"ACP3"		
"DTAR-000233"	"ACVR1"	"protein"	"ACVR1"		
"DTAR-000236"	"ACVR2A"	"protein"	"ACVR2A"		
"DTAR-000238"	"ACVRL1"	"protein"	"ACVRL1"		
"DTAR-000243"	"ADA"	"protein"	"ADA"		
"DTAR-000251"	"ADAM9"	"protein"	"ADAM9"		
"DTAR-000252"	"ADAM10"	"protein"	"ADAM10"		
"DTAR-000256"	"ADAM17"	"protein"	"ADAM17"		
"DTAR-000370"	"ADORA2A"	"protein"	"ADORA2A"		
"DTAR-000371"	"ADORA2B"	"protein"	"ADORA2B"		
"DTAR-000384"	"ADRB1"	"protein"	"ADRB1"		
"DTAR-000407"	"AFP"	"protein"	"AFP"		
"DTAR-000446"	"AGTR1"	"protein"	"AGTR1"		
"DTAR-000459"	"AHR"	"protein"	"AHR"		
"DTAR-000517"	"AKR1C3"	"protein"	"AKR1C3"		
"DTAR-000525"	"AKT1"	"protein"	"AKT1"		
"DTAR-000526"	"AKT1S1"	"protein"	"AKT1S1"		
"DTAR-000527"	"AKT2"	"protein"	"AKT2"		
"DTAR-000528"	"AKT3"	"protein"	"AKT3"		
"DTAR-000534"	"ALCAM"	"protein"	"ALCAM"		
"DTAR-000571"	"ALK"	"protein"	"ALK"		
"DTAR-000584"	"ALOX5"	"protein"	"ALOX5"		
"DTAR-000597"	"ALPP"	"protein"	"ALPP"		
"DTAR-000655"	"ANGPT1"	"protein"	"ANGPT1"		
"DTAR-000656"	"ANGPT2"	"protein"	"ANGPT2"		
"DTAR-000765"	"ANPEP"	"protein"	"ANPEP"		
"DTAR-000831"	"APCS"	"protein"	"APCS"		
"DTAR-000834"	"APEX1"	"protein"	"APEX1"		
"DTAR-000881"	"APP"	"protein"	"APP"		
"DTAR-000902"	"AR"	"protein"	"AR"		
"DTAR-000903"	"ARAF"	"protein"	"ARAF"		
"DTAR-001150"	"ASPH"	"protein"	"ASPH"		
"DTAR-001209"	"ATM"	"protein"	"ATM"		
"DTAR-001218"	"ATP1A3"	"protein"	"ATP1A3"		
"DTAR-001305"	"ATR"	"protein"	"ATR"		
"DTAR-001327"	"AURKA"	"protein"	"AURKA"		
"DTAR-001329"	"AURKB"	"protein"	"AURKB"		
"DTAR-001330"	"AURKC"	"protein"	"AURKC"		
"DTAR-001339"	"AVPR2"	"protein"	"AVPR2"		
"DTAR-001345"	"AXL"	"protein"	"AXL"		
"DTAR-001450"	"BCAP31"	"protein"	"BCAP31"		
"DTAR-001465"	"BCL2"	"protein"	"BCL2"		
"DTAR-001467"	"BCL2L1"	"protein"	"BCL2L1"		
"DTAR-001471"	"BCL2L12"	"protein"	"BCL2L12"		
"DTAR-001484"	"BCL11A"	"protein"	"BCL11A"		
"DTAR-001547"	"BIRC2"	"protein"	"BIRC2"		
"DTAR-001548"	"BIRC3"	"protein"	"BIRC3"		
"DTAR-001549"	"BIRC5"	"protein"	"BIRC5"		
"DTAR-001634"	"BRAF"	"protein"	"BRAF"		
"DTAR-001641"	"BRD2"	"protein"	"BRD2"		
"DTAR-001642"	"BRD3"	"protein"	"BRD3"		
"DTAR-001644"	"BRD4"	"protein"	"BRD4"		
"DTAR-001647"	"BRD9"	"protein"	"BRD9"		
"DTAR-001648"	"BRDT"	"protein"	"BRDT"		
"DTAR-001702"	"BTK"	"protein"	"BTK"		
"DTAR-001703"	"BTLA"	"protein"	"BTLA"		
"DTAR-001812"	"C3"	"protein"	"C3"		
"DTAR-001845"	"C5"	"protein"	"C5"		
"DTAR-002040"	"CA9"	"protein"	"CA9"		
"DTAR-002206"	"CASP3"	"protein"	"CASP3"		
"DTAR-002248"	"CBLB"	"protein"	"CBLB"		
"DTAR-002424"	"CCL2"	"protein"	"CCL2"		
"DTAR-002493"	"CCR2"	"protein"	"CCR2"		
"DTAR-002495"	"CCR4"	"protein"	"CCR4"		
"DTAR-002496"	"CCR5"	"protein"	"CCR5"		
"DTAR-002498"	"CCR7"	"protein"	"CCR7"		
"DTAR-002499"	"CCR8"	"protein"	"CCR8"		
"DTAR-002521"	"CD1D"	"protein"	"CD1D"		
"DTAR-002523"	"CD2"	"protein"	"CD2"		
"DTAR-002526"	"CD3D"	"protein"	"CD3D"		
"DTAR-002527"	"CD3E"	"protein"	"CD3E"		
"DTAR-002528"	"CD3G"	"protein"	"CD3G"		
"DTAR-002529"	"CD4"	"protein"	"CD4"		
"DTAR-002530"	"CD5"	"protein"	"CD5"		
"DTAR-002533"	"CD7"	"protein"	"CD7"		
"DTAR-002539"	"CD19"	"protein"	"CD19"		
"DTAR-002540"	"CD22"	"protein"	"CD22"		
"DTAR-002542"	"CD27"	"protein"	"CD27"		
"DTAR-002543"	"CD28"	"protein"	"CD28"		
"DTAR-002544"	"CD33"	"protein"	"CD33"		
"DTAR-002547"	"CD37"	"protein"	"CD37"		
"DTAR-002548"	"CD38"	"protein"	"CD38"		
"DTAR-002549"	"CD40"	"protein"	"CD40"		
"DTAR-002550"	"CD40LG"	"protein"	"CD40LG"		
"DTAR-002551"	"CD44"	"protein"	"CD44"		
"DTAR-002552"	"CD46"	"protein"	"CD46"		
"DTAR-002553"	"CD47"	"protein"	"CD47"		
"DTAR-002554"	"CD48"	"protein"	"CD48"		
"DTAR-002555"	"CD52"	"protein"	"CD52"		
"DTAR-002557"	"CD55"	"protein"	"CD55"		
"DTAR-002563"	"CD70"	"protein"	"CD70"		
"DTAR-002565"	"CD74"	"protein"	"CD74"		
"DTAR-002566"	"CD79A"	"protein"	"CD79A"		
"DTAR-002567"	"CD79B"	"protein"	"CD79B"		
"DTAR-002568"	"CD80"	"protein"	"CD80"		
"DTAR-002575"	"CD96"	"protein"	"CD96"		
"DTAR-002582"	"CD163"	"protein"	"CD163"		
"DTAR-002588"	"CD200"	"protein"	"CD200"		
"DTAR-002593"	"CD226"	"protein"	"CD226"		
"DTAR-002596"	"CD248"	"protein"	"CD248"		
"DTAR-002597"	"CD274"	"protein"	"CD274"		
"DTAR-002598"	"CD276"	"protein"	"CD276"		
"DTAR-002609"	"CDA"	"protein"	"CDA"		
"DTAR-002614"	"CDC7"	"protein"	"CDC7"		
"DTAR-002655"	"CDH2"	"protein"	"CDH2"		
"DTAR-002656"	"CDH3"	"protein"	"CDH3"		
"DTAR-002659"	"CDH6"	"protein"	"CDH6"		
"DTAR-002669"	"CDH17"	"protein"	"CDH17"		
"DTAR-002685"	"CDK1"	"protein"	"CDK1"		
"DTAR-002686"	"CDK2"	"protein"	"CDK2"		
"DTAR-002690"	"CDK4"	"protein"	"CDK4"		
"DTAR-002691"	"CDK5"	"protein"	"CDK5"		
"DTAR-002697"	"CDK6"	"protein"	"CDK6"		
"DTAR-002698"	"CDK7"	"protein"	"CDK7"		
"DTAR-002700"	"CDK9"	"protein"	"CDK9"		
"DTAR-002752"	"CEACAM1"	"protein"	"CEACAM1"		
"DTAR-002755"	"CEACAM5"	"protein"	"CEACAM5"		
"DTAR-002756"	"CEACAM6"	"protein"	"CEACAM6"		
"DTAR-002765"	"CEBPB"	"protein"	"CEBPB"		
"DTAR-002924"	"CFH"	"protein"	"CFH"		
"DTAR-002977"	"CHEK1"	"protein"	"CHEK1"		
"DTAR-002978"	"CHEK2"	"protein"	"CHEK2"		
"DTAR-002990"	"CHKA"	"protein"	"CHKA"		
"DTAR-003134"	"CLDN6"	"protein"	"CLDN6"		
"DTAR-003145"	"CLDN18.2"	"protein"	"CLDN18"		"CLDN18.2"
"DTAR-003172"	"CLEC7A"	"protein"	"CLEC7A"		
"DTAR-003176"	"CLEC12A"	"protein"	"CLEC12A"		
"DTAR-003233"	"CLU"	"protein"	"CLU"		
"DTAR-003413"	"COMT"	"protein"	"COMT"		
"DTAR-003490"	"CPB2"	"protein"	"CPB2"		
"DTAR-003555"	"CRBN"	"protein"	"CRBN"		
"DTAR-003565"	"CREBBP"	"protein"	"CREBBP"		
"DTAR-003640"	"CSF1"	"protein"	"CSF1"		
"DTAR-003641"	"CSF1R"	"protein"	"CSF1R"		
"DTAR-003642"	"CSF2"	"protein"	"CSF2"		
"DTAR-003652"	"CSK"	"protein"	"CSK"		
"DTAR-003660"	"CSNK1A1"	"protein"	"CSNK1A1"		
"DTAR-003723"	"CT83"	"protein"	"CT83"		
"DTAR-003724"	"CTAG1A"	"protein"	"CTAG1A"		
"DTAR-003725"	"CTAG1B"	"protein"	"CTAG1B"		
"DTAR-003726"	"CTAG2"	"protein"	"CTAG2"		
"DTAR-003749"	"CTLA4"	"protein"	"CTLA4"		
"DTAR-003754"	"CTNNB1"	"protein"	"CTNNB1"		
"DTAR-003823"	"CXCL8"	"protein"	"CXCL8"		
"DTAR-003827"	"CXCL12"	"protein"	"CXCL12"		
"DTAR-003832"	"CXCR1"	"protein"	"CXCR1"		
"DTAR-003833"	"CXCR2"	"protein"	"CXCR2"		
"DTAR-003835"	"CXCR4"	"protein"	"CXCR4"		
"DTAR-003916"	"CYP17A1"	"protein"	"CYP17A1"		
"DTAR-004027"	"DCK"	"protein"	"DCK"		
"DTAR-004042"	"DCT"	"protein"	"DCT"		
"DTAR-004043"	"DCTD"	"protein"	"DCTD"		
"DTAR-004075"	"DDR1"	"protein"	"DDR1"		
"DTAR-004229"	"DGKZ"	"protein"	"DGKZ"		
"DTAR-004236"	"DHFR"	"protein"	"DHFR"		
"DTAR-004239"	"DHODH"	"protein"	"DHODH"		
"DTAR-004301"	"DKK1"	"protein"	"DKK1"		
"DTAR-004303"	"DKK3"	"protein"	"DKK3"		
"DTAR-004324"	"DLL3"	"protein"	"DLL3"		
"DTAR-004325"	"DLL4"	"protein"	"DLL4"		
"DTAR-004451"	"DNMT1"	"protein"	"DNMT1"		
"DTAR-004486"	"DOT1L"	"protein"	"DOT1L"		
"DTAR-004492"	"DPEP3"	"protein"	"DPEP3"		
"DTAR-004506"	"DPP4"	"protein"	"DPP4"		
"DTAR-004523"	"DPYD"	"protein"	"DPYD"		
"DTAR-004539"	"DRD2"	"protein"	"DRD2"		
"DTAR-004559"	"DSG3"	"protein"	"DSG3"		
"DTAR-004659"	"E2F1"	"protein"	"E2F1"		
"DTAR-004719"	"EDNRA"	"protein"	"EDNRA"		
"DTAR-004720"	"EDNRB"	"protein"	"EDNRB"		
"DTAR-004723"	"EED"	"protein"	"EED"		
"DTAR-004734"	"EEF2"	"protein"	"EEF2"		
"DTAR-004766"	"EFNB2"	"protein"	"EFNB2"		
"DTAR-004772"	"EGF"	"protein"	"EGF"		
"DTAR-004774"	"EGFL7"	"protein"	"EGFL7"		
"DTAR-004777"	"EGFR"	"protein"	"EGFR"		
"DTAR-004808"	"EIF2AK3"	"protein"	"EIF2AK3"		
"DTAR-004809"	"EIF2AK4"	"protein"	"EIF2AK4"		
"DTAR-004838"	"EIF4E"	"protein"	"EIF4E"		
"DTAR-004851"	"EIF5A"	"protein"	"EIF5A"		
"DTAR-004859"	"ELANE"	"protein"	"ELANE"		
"DTAR-004961"	"ENPP3"	"protein"	"ENPP3"		
"DTAR-004968"	"ENTPD1"	"protein"	"ENTPD1"		
"DTAR-004982"	"EP300"	"protein"	"EP300"		
"DTAR-004984"	"EPAS1"	"protein"	"EPAS1"		
"DTAR-004995"	"EPCAM"	"protein"	"EPCAM"		
"DTAR-005000"	"EPHA2"	"protein"	"EPHA2"		
"DTAR-005001"	"EPHA3"	"protein"	"EPHA3"		
"DTAR-005011"	"EPHB4"	"protein"	"EPHB4"		
"DTAR-005024"	"EPOR"	"protein"	"EPOR"		
"DTAR-005042"	"ERBB2"	"protein"	"ERBB2"		
"DTAR-005043"	"ERBB3"	"protein"	"ERBB3"		
"DTAR-005044"	"ERBB4"	"protein"	"ERBB4"		
"DTAR-005084"	"ERN1"	"protein"	"ERN1"		
"DTAR-005107"	"ESR1"	"protein"	"ESR1"		
"DTAR-005108"	"ESR2"	"protein"	"ESR2"		
"DTAR-005199"	"EZH2"	"protein"	"EZH2"		
"DTAR-005207"	"F3"	"protein"	"F3"		
"DTAR-005459"	"FAP"	"protein"	"FAP"		
"DTAR-005469"	"FASN"	"protein"	"FASN"		
"DTAR-005566"	"FCER2"	"protein"	"FCER2"		
"DTAR-005573"	"FCGR3A"	"protein"	"FCGR3A"		
"DTAR-005588"	"FCRL5"	"protein"	"FCRL5"		
"DTAR-005595"	"FDPS"	"protein"	"FDPS"		
"DTAR-005632"	"FGF2"	"protein"	"FGF2"		
"DTAR-005635"	"FGF5"	"protein"	"FGF5"		
"DTAR-005652"	"FGF23"	"protein"	"FGF23"		
"DTAR-005656"	"FGFR1"	"protein"	"FGFR1"		
"DTAR-005658"	"FGFR2"	"protein"	"FGFR2"		
"DTAR-019236"	"FGFR2b"	"protein"	"FGFR2"		"FGFR2IIIb"
"DTAR-005659"	"FGFR3"	"protein"	"FGFR3"		
"DTAR-005660"	"FGFR4"	"protein"	"FGFR4"		
"DTAR-005666"	"FGR"	"protein"	"FGR"		
"DTAR-005698"	"FKBP1A"	"protein"	"FKBP1A"		
"DTAR-005730"	"FLT1"	"protein"	"FLT1"		
"DTAR-005731"	"FLT3"	"protein"	"FLT3"		
"DTAR-005732"	"FLT3LG"	"protein"	"FLT3LG"		
"DTAR-005733"	"FLT4"	"protein"	"FLT4"		
"DTAR-005752"	"FN1"	"protein"	"FN1"		
"DTAR-005762"	"FNDC5"	"protein"	"FNDC5"		
"DTAR-005773"	"FOLH1"	"protein"	"FOLH1"		
"DTAR-005774"	"FOLR1"	"protein"	"FOLR1"		
"DTAR-005827"	"FOXP3"	"protein"	"FOXP3"		
"DTAR-005873"	"FSCN1"	"protein"	"FSCN1"		
"DTAR-006078"	"GAS6"	"protein"	"GAS6"		
"DTAR-006153"	"GDF15"	"protein"	"GDF15"		
"DTAR-006187"	"GFRA4"	"protein"	"GFRA4"		
"DTAR-006188"	"GFRAL"	"protein"	"GFRAL"		
"DTAR-006213"	"GHR"	"protein"	"GHR"		
"DTAR-006243"	"GJA1"	"protein"	"GJA1"		
"DTAR-006392"	"GNRHR"	"protein"	"GNRHR"		
"DTAR-006453"	"GPA33"	"protein"	"GPA33"		
"DTAR-006473"	"GPC3"	"protein"	"GPC3"		
"DTAR-006481"	"GPER1"	"protein"	"GPER1"		
"DTAR-006494"	"GPNMB"	"protein"	"GPNMB"		
"DTAR-006577"	"GPRC5D"	"protein"	"GPRC5D"		
"DTAR-006606"	"GRB2"	"protein"	"GRB2"		
"DTAR-006633"	"GRIN2A"	"protein"	"GRIN2A"		
"DTAR-006634"	"GRIN2B"	"protein"	"GRIN2B"		
"DTAR-006662"	"GRPR"	"protein"	"GRPR"		
"DTAR-006758"	"GUCY2C"	"protein"	"GUCY2C"		
"DTAR-006778"	"GZMB"	"protein"	"GZMB"		
"DTAR-006889"	"HAMP"	"protein"	"HAMP"		
"DTAR-006915"	"HAVCR1"	"protein"	"HAVCR1"		
"DTAR-006916"	"HAVCR2"	"protein"	"HAVCR2"		
"DTAR-006923"	"HBEGF"	"protein"	"HBEGF"		
"DTAR-006939"	"HCK"	"protein"	"HCK"		
"DTAR-006949"	"HDAC1"	"protein"	"HDAC1"		
"DTAR-006950"	"HDAC2"	"protein"	"HDAC2"		
"DTAR-006951"	"HDAC3"	"protein"	"HDAC3"		
"DTAR-006954"	"HDAC6"	"protein"	"HDAC6"		
"DTAR-006958"	"HDAC10"	"protein"	"HDAC10"		
"DTAR-007030"	"HGF"	"protein"	"HGF"		
"DTAR-007048"	"HIF1A"	"protein"	"HIF1A"		
"DTAR-007079"	"HLA-A"	"protein"	"HLA-A"		
"DTAR-007099"	"HLA-G"	"protein"	"HLA-G"		
"DTAR-007120"	"HMGCR"	"protein"	"HMGCR"		
"DTAR-007247"	"HRH2"	"protein"	"HRH2"		
"DTAR-007301"	"HSP90AA1"	"protein"	"HSP90AA1"		
"DTAR-007302"	"HSP90AB1"	"protein"	"HSP90AB1"		
"DTAR-007318"	"HSPB1"	"protein"	"HSPB1"		
"DTAR-007345"	"HTR3A"	"protein"	"HTR3A"		
"DTAR-007383"	"ICAM1"	"protein"	"ICAM1"		
"DTAR-007391"	"ICOS"	"protein"	"ICOS"		
"DTAR-007398"	"IDH1"	"protein"	"IDH1"		
"DTAR-007399"	"IDH2"	"protein"	"IDH2"		
"DTAR-007406"	"IDO1"	"protein"	"IDO1"		
"DTAR-007454"	"IFNG"	"protein"	"IFNG"		
"DTAR-007484"	"IGF1"	"protein"	"IGF1"		
"DTAR-007485"	"IGF1R"	"protein"	"IGF1R"		
"DTAR-007486"	"IGF2"	"protein"	"IGF2"		
"DTAR-007493"	"IGFBP2"	"protein"	"IGFBP2"		
"DTAR-007534"	"IKZF2"	"protein"	"IKZF2"		
"DTAR-007538"	"IL1A"	"protein"	"IL1A"		
"DTAR-007539"	"IL1B"	"protein"	"IL1B"		
"DTAR-007541"	"IL1R1"	"protein"	"IL1R1"		
"DTAR-007546"	"IL1RL1"	"protein"	"IL1RL1"		
"DTAR-007547"	"IL1RL2"	"protein"	"IL1RL2"		
"DTAR-007550"	"IL2RA"	"protein"	"IL2RA"		
"DTAR-007551"	"IL2RB"	"protein"	"IL2RB"		
"DTAR-007552"	"IL2RG"	"protein"	"IL2RG"		
"DTAR-007554"	"IL3RA"	"protein"	"IL3RA"		
"DTAR-007555"	"IL4"	"protein"	"IL4"		
"DTAR-007557"	"IL4R"	"protein"	"IL4R"		
"DTAR-007559"	"IL5RA"	"protein"	"IL5RA"		
"DTAR-007560"	"IL6"	"protein"	"IL6"		
"DTAR-007561"	"IL6R"	"protein"	"IL6R"		
"DTAR-007564"	"IL7R"	"protein"	"IL7R"		
"DTAR-007571"	"IL11RA"	"protein"	"IL11RA"		
"DTAR-007573"	"IL12B"	"protein"	"IL12B"		
"DTAR-007574"	"IL12RB1"	"protein"	"IL12RB1"		
"DTAR-007575"	"IL12RB2"	"protein"	"IL12RB2"		
"DTAR-007576"	"IL13"	"protein"	"IL13"		
"DTAR-007577"	"IL13RA1"	"protein"	"IL13RA1"		
"DTAR-007578"	"IL13RA2"	"protein"	"IL13RA2"		
"DTAR-007579"	"IL15"	"protein"	"IL15"		
"DTAR-007580"	"IL15RA"	"protein"	"IL15RA"		
"DTAR-007582"	"IL17A"	"protein"	"IL17A"		
"DTAR-007593"	"IL18"	"protein"	"IL18"		
"DTAR-007602"	"IL21R"	"protein"	"IL21R"		
"DTAR-007606"	"IL23A"	"protein"	"IL23A"		
"DTAR-007611"	"IL27"	"protein"	"IL27"		
"DTAR-007624"	"ILDR2"	"protein"	"ILDR2"		
"DTAR-007656"	"INHBA"	"protein"	"INHBA"		
"DTAR-007690"	"INSR"	"protein"	"INSR"		
"DTAR-007758"	"IRAK4"	"protein"	"IRAK4"		
"DTAR-007775"	"IRS1"	"protein"	"IRS1"		
"DTAR-007776"	"IRS2"	"protein"	"IRS2"		
"DTAR-007806"	"ITGA2"	"protein"	"ITGA2"		
"DTAR-007820"	"ITGAM"	"protein"	"ITGAM"		
"DTAR-007823"	"ITGB1"	"protein"	"ITGB1"		
"DTAR-007831"	"ITGB6"	"protein"	"ITGB6"		
"DTAR-007833"	"ITGB8"	"protein"	"ITGB8"		
"DTAR-007841"	"ITK"	"protein"	"ITK"		
"DTAR-007878"	"JAK1"	"protein"	"JAK1"		
"DTAR-007879"	"JAK2"	"protein"	"JAK2"		
"DTAR-007880"	"JAK3"	"protein"	"JAK3"		
"DTAR-007912"	"JUN"	"protein"	"JUN"		
"DTAR-007915"	"JUP"	"protein"	"JUP"		
"DTAR-007931"	"KAT6A"	"protein"	"KAT6A"		
"DTAR-008076"	"KDM1A"	"protein"	"KDM1A"		
"DTAR-008095"	"KDR"	"protein"	"KDR"		
"DTAR-008104"	"KHDRBS1"	"protein"	"KHDRBS1"		
"DTAR-008155"	"KIF11"	"protein"	"KIF11"		
"DTAR-008163"	"KIF18A"	"protein"	"KIF18A"		
"DTAR-008195"	"KIR3DL2"	"protein"	"KIR3DL2"		
"DTAR-008203"	"KIT"	"protein"	"KIT"		
"DTAR-008278"	"KLK2"	"protein"	"KLK2"		
"DTAR-008279"	"KLK3"	"protein"	"KLK3"		
"DTAR-008295"	"KLRC1"	"protein"	"KLRC1"		
"DTAR-008306"	"KMT2A"	"protein"	"KMT2A"		
"DTAR-008331"	"KRAS"	"protein"	"KRAS"		
"DTAR-019237"	"KRAS G12C"	"protein"	"KRAS"		
"DTAR-008518"	"LAG3"	"protein"	"LAG3"		
"DTAR-008522"	"LALBA"	"protein"	"LALBA"		
"DTAR-008662"	"LGALS3"	"protein"	"LGALS3"		
"DTAR-008704"	"LIF"	"protein"	"LIF"		
"DTAR-008715"	"LILRB1"	"protein"	"LILRB1"		
"DTAR-008716"	"LILRB2"	"protein"	"LILRB2"		
"DTAR-008718"	"LILRB4"	"protein"	"LILRB4"		
"DTAR-008808"	"LOX"	"protein"	"LOX"		
"DTAR-008811"	"LOXL2"	"protein"	"LOXL2"		
"DTAR-008857"	"LRP1"	"protein"	"LRP1"		
"DTAR-008863"	"LRP5"	"protein"	"LRP5"		
"DTAR-008891"	"LRRC15"	"protein"	"LRRC15"		
"DTAR-008905"	"LRRC32"	"protein"	"LRRC32"		
"DTAR-008986"	"LTA4H"	"protein"	"LTA4H"		
"DTAR-008997"	"LTK"	"protein"	"LTK"		
"DTAR-009013"	"LY6E"	"protein"	"LY6E"		
"DTAR-009023"	"LY75"	"protein"	"LY75"		
"DTAR-009030"	"LYN"	"protein"	"LYN"		
"DTAR-009095"	"MAGEA1"	"protein"	"MAGEA1"		
"DTAR-009096"	"MAGEA2"	"protein"	"MAGEA2"		
"DTAR-009097"	"MAGEA2B"	"protein"	"MAGEA2B"		
"DTAR-009098"	"MAGEA3"	"protein"	"MAGEA3"		
"DTAR-009099"	"MAGEA4"	"protein"	"MAGEA4"		
"DTAR-009100"	"MAGEA6"	"protein"	"MAGEA6"		
"DTAR-009104"	"MAGEA10"	"protein"	"MAGEA10"		
"DTAR-009106"	"MAGEA12"	"protein"	"MAGEA12"		
"DTAR-009117"	"MAGEC1"	"protein"	"MAGEC1"		
"DTAR-009118"	"MAGEC2"	"protein"	"MAGEC2"		
"DTAR-009145"	"MALT1"	"protein"	"MALT1"		
"DTAR-009179"	"MAP2K1"	"protein"	"MAP2K1"		
"DTAR-009180"	"MAP2K2"	"protein"	"MAP2K2"		
"DTAR-009186"	"MAP3K1"	"protein"	"MAP3K1"		
"DTAR-009190"	"MAP3K5"	"protein"	"MAP3K5"		
"DTAR-009206"	"MAP4K1"	"protein"	"MAP4K1"		
"DTAR-009219"	"MAPK1"	"protein"	"MAPK1"		
"DTAR-009221"	"MAPK3"	"protein"	"MAPK3"		
"DTAR-009231"	"MAPK11"	"protein"	"MAPK11"		
"DTAR-009234"	"MAPK14"	"protein"	"MAPK14"		
"DTAR-009237"	"MAPKAPK2"	"protein"	"MAPKAPK2"		
"DTAR-009263"	"MARK3"	"protein"	"MARK3"		
"DTAR-009270"	"MAS1"	"protein"	"MAS1"		
"DTAR-009273"	"MASP2"	"protein"	"MASP2"		
"DTAR-009280"	"MAT2A"	"protein"	"MAT2A"		
"DTAR-009307"	"MBL2"	"protein"	"MBL2"		
"DTAR-009321"	"MC1R"	"protein"	"MC1R"		
"DTAR-009341"	"MCL1"	"protein"	"MCL1"		
"DTAR-009379"	"MDM2"	"protein"	"MDM2"		
"DTAR-009380"	"MDM4"	"protein"	"MDM4"		
"DTAR-009444"	"MELK"	"protein"	"MELK"		
"DTAR-009445"	"MELTF"	"protein"	"MELTF"		
"DTAR-009447"	"MEN1"	"protein"	"MEN1"		
"DTAR-009454"	"MERTK"	"protein"	"MERTK"		
"DTAR-009459"	"MET"	"protein"	"MET"		
"DTAR-009462"	"METAP2"	"protein"	"METAP2"		
"DTAR-009540"	"MGMT"	"protein"	"MGMT"		
"DTAR-009551"	"MICA"	"protein"	"MICA"		
"DTAR-009557"	"MICB"	"protein"	"MICB"		
"DTAR-009574"	"MIF"	"protein"	"MIF"		
"DTAR-009606"	"MKNK1"	"protein"	"MKNK1"		
"DTAR-009607"	"MKNK2"	"protein"	"MKNK2"		
"DTAR-009614"	"MLANA"	"protein"	"MLANA"		
"DTAR-009645"	"MMP1"	"protein"	"MMP1"		
"DTAR-009646"	"MMP2"	"protein"	"MMP2"		
"DTAR-009649"	"MMP8"	"protein"	"MMP8"		
"DTAR-009650"	"MMP9"	"protein"	"MMP9"		
"DTAR-009655"	"MMP14"	"protein"	"MMP14"		
"DTAR-009735"	"MPL"	"protein"	"MPL"		
"DTAR-009873"	"MS4A1"	"protein"	"MS4A1"		
"DTAR-009906"	"MSLN"	"protein"	"MSLN"		
"DTAR-009918"	"MST1R"	"protein"	"MST1R"		
"DTAR-009919"	"MSTN"	"protein"	"MSTN"		
"DTAR-009999"	"MTOR"	"protein"	"MTOR"		
"DTAR-010018"	"MUC1"	"protein"	"MUC1"		
"DTAR-010031"	"MUC16"	"protein"	"MUC16"		
"DTAR-010032"	"MUC17"	"protein"	"MUC17"		
"DTAR-010069"	"MYC"	"protein"	"MYC"		
"DTAR-010217"	"NAMPT"	"protein"	"NAMPT"		
"DTAR-010278"	"NCAM1"	"protein"	"NCAM1"		
"DTAR-010305"	"NCL"	"protein"	"NCL"		
"DTAR-010324"	"NDC80"	"protein"	"NDC80"		
"DTAR-010398"	"NECTIN4"	"protein"	"NECTIN4"		
"DTAR-010412"	"NEK2"	"protein"	"NEK2"		
"DTAR-010468"	"NFE2L2"	"protein"	"NFE2L2"		
"DTAR-010495"	"NGF"	"protein"	"NGF"		
"DTAR-010615"	"NMT2"	"protein"	"NMT2"		
"DTAR-010630"	"NOD2"	"protein"	"NOD2"		
"DTAR-010660"	"NOS2"	"protein"	"NOS2"		
"DTAR-010664"	"NOTCH1"	"protein"	"NOTCH1"		
"DTAR-010665"	"NOTCH2"	"protein"	"NOTCH2"		
"DTAR-010669"	"NOTCH3"	"protein"	"NOTCH3"		
"DTAR-010675"	"NOX1"	"protein"	"NOX1"		
"DTAR-010677"	"NOX4"	"protein"	"NOX4"		
"DTAR-010697"	"NPEPPS"	"protein"	"NPEPPS"		
"DTAR-010770"	"NR3C1"	"protein"	"NR3C1"		
"DTAR-010804"	"NRP1"	"protein"	"NRP1"		
"DTAR-010846"	"NT5E"	"protein"	"NT5E"		
"DTAR-010856"	"NTN1"	"protein"	"NTN1"		
"DTAR-010863"	"NTRK1"	"protein"	"NTRK1"		
"DTAR-010864"	"NTRK2"	"protein"	"NTRK2"		
"DTAR-010865"	"NTRK3"	"protein"	"NTRK3"		
"DTAR-010867"	"NTSR1"	"protein"	"NTSR1"		
"DTAR-010869"	"NUAK1"	"protein"	"NUAK1"		
"DTAR-011003"	"ODC1"	"protein"	"ODC1"		
"DTAR-011071"	"OPRM1"	"protein"	"OPRM1"		
"DTAR-011700"	"PARP1"	"protein"	"PARP1"		
"DTAR-011701"	"PARP2"	"protein"	"PARP2"		
"DTAR-011702"	"PARP3"	"protein"	"PARP3"		
"DTAR-011795"	"PCNA"	"protein"	"PCNA"		
"DTAR-011823"	"PDCD1"	"protein"	"PDCD1"		
"DTAR-011824"	"PDCD1LG2"	"protein"	"PDCD1LG2"		
"DTAR-011848"	"PDE5A"	"protein"	"PDE5A"		
"DTAR-011868"	"PDGFRA"	"protein"	"PDGFRA"		
"DTAR-011869"	"PDGFRB"	"protein"	"PDGFRB"		
"DTAR-011882"	"PDK1"	"protein"	"PDK1"		
"DTAR-012002"	"PGF"	"protein"	"PGF"		
"DTAR-012020"	"PGR"	"protein"	"PGR"		
"DTAR-012030"	"PHB1"	"protein"	"PHB1"		
"DTAR-012139"	"PIK3CA"	"protein"	"PIK3CA"		
"DTAR-012140"	"PIK3CB"	"protein"	"PIK3CB"		
"DTAR-012141"	"PIK3CD"	"protein"	"PIK3CD"		
"DTAR-012142"	"PIK3CG"	"protein"	"PIK3CG"		
"DTAR-012144"	"PIK3R1"	"protein"	"PIK3R1"		
"DTAR-012150"	"PIKFYVE"	"protein"	"PIKFYVE"		
"DTAR-012153"	"PIM1"	"protein"	"PIM1"		
"DTAR-012154"	"PIM2"	"protein"	"PIM2"		
"DTAR-012155"	"PIM3"	"protein"	"PIM3"		
"DTAR-012209"	"PKM"	"protein"	"PKM"		
"DTAR-012210"	"PKMYT1"	"protein"	"PKMYT1"		
"DTAR-012255"	"PLAT"	"protein"	"PLAT"		
"DTAR-012256"	"PLAU"	"protein"	"PLAU"		
"DTAR-012257"	"PLAUR"	"protein"	"PLAUR"		
"DTAR-012285"	"PLEC"	"protein"	"PLEC"		
"DTAR-012330"	"PLK1"	"protein"	"PLK1"		
"DTAR-012380"	"PMEL"	"protein"	"PMEL"		
"DTAR-012467"	"POLQ"	"protein"	"POLQ"		
"DTAR-012524"	"PORCN"	"protein"	"PORCN"		
"DTAR-012561"	"PPARA"	"protein"	"PPARA"		
"DTAR-012563"	"PPARG"	"protein"	"PPARG"		
"DTAR-012709"	"PRAME"	"protein"	"PRAME"		
"DTAR-012800"	"PRKCA"	"protein"	"PRKCA"		
"DTAR-012801"	"PRKCB"	"protein"	"PRKCB"		
"DTAR-012803"	"PRKCE"	"protein"	"PRKCE"		
"DTAR-012806"	"PRKCI"	"protein"	"PRKCI"		
"DTAR-012813"	"PRKDC"	"protein"	"PRKDC"		
"DTAR-012823"	"PRLR"	"protein"	"PRLR"		
"DTAR-012827"	"PRMT1"	"protein"	"PRMT1"		
"DTAR-012830"	"PRMT5"	"protein"	"PRMT5"		
"DTAR-012847"	"PROM1"	"protein"	"PROM1"		
"DTAR-012956"	"PRTN3"	"protein"	"PRTN3"		
"DTAR-012968"	"PSCA"	"protein"	"PSCA"		
"DTAR-013001"	"PSMB5"	"protein"	"PSMB5"		
"DTAR-013004"	"PSMB8"	"protein"	"PSMB8"		
"DTAR-013024"	"PSMD10"	"protein"	"PSMD10"		
"DTAR-013073"	"PTGER4"	"protein"	"PTGER4"		
"DTAR-013085"	"PTGS1"	"protein"	"PTGS1"		
"DTAR-013086"	"PTGS2"	"protein"	"PTGS2"		
"DTAR-013092"	"PTK2"	"protein"	"PTK2"		
"DTAR-013095"	"PTK7"	"protein"	"PTK7"		
"DTAR-013102"	"PTP4A3"	"protein"	"PTP4A3"		
"DTAR-013107"	"PTPN2"	"protein"	"PTPN2"		
"DTAR-013114"	"PTPN11"	"protein"	"PTPN11"		
"DTAR-013125"	"PTPRC"	"protein"	"PTPRC"		
"DTAR-013170"	"PVR"	"protein"	"PVR"		
"DTAR-013331"	"RAD51"	"protein"	"RAD51"		
"DTAR-013347"	"RAF1"	"protein"	"RAF1"		
"DTAR-013396"	"RARA"	"protein"	"RARA"		
"DTAR-013397"	"RARB"	"protein"	"RARB"		
"DTAR-013601"	"RET"	"protein"	"RET"		
"DTAR-013761"	"RIPK1"	"protein"	"RIPK1"		
"DTAR-013835"	"RNF43"	"protein"	"RNF43"		
"DTAR-013911"	"ROCK2"	"protein"	"ROCK2"		
"DTAR-013918"	"ROR1"	"protein"	"ROR1"		
"DTAR-013919"	"ROR2"	"protein"	"ROR2"		
"DTAR-013922"	"RORC"	"protein"	"RORC"		
"DTAR-013923"	"ROS1"	"protein"	"ROS1"		
"DTAR-014022"	"RPS6KA1"	"protein"	"RPS6KA1"		
"DTAR-014023"	"RPS6KA2"	"protein"	"RPS6KA2"		
"DTAR-014024"	"RPS6KA3"	"protein"	"RPS6KA3"		
"DTAR-014027"	"RPS6KA6"	"protein"	"RPS6KA6"		
"DTAR-014028"	"RPS6KB1"	"protein"	"RPS6KB1"		
"DTAR-014076"	"RRM2"	"protein"	"RRM2"		
"DTAR-014108"	"RSPO3"	"protein"	"RSPO3"		
"DTAR-014184"	"S1PR1"	"protein"	"S1PR1"		
"DTAR-014322"	"SCGB2A2"	"protein"	"SCGB2A2"		
"DTAR-014388"	"SDC1"	"protein"	"SDC1"		
"DTAR-014454"	"SELE"	"protein"	"SELE"		
"DTAR-014469"	"SELP"	"protein"	"SELP"		
"DTAR-014470"	"SELPLG"	"protein"	"SELPLG"		
"DTAR-014482"	"SEMA4D"	"protein"	"SEMA4D"		
"DTAR-014555"	"SERPINC1"	"protein"	"SERPINC1"		
"DTAR-014557"	"SERPINE1"	"protein"	"SERPINE1"		
"DTAR-014580"	"SETD2"	"protein"	"SETD2"		
"DTAR-014599"	"SF3B1"	"protein"	"SF3B1"		
"DTAR-014601"	"SF3B3"	"protein"	"SF3B3"		
"DTAR-014756"	"SIGLEC15"	"protein"	"SIGLEC15"		
"DTAR-014775"	"SIRPA"	"protein"	"SIRPA"		
"DTAR-014812"	"SLAMF6"	"protein"	"SLAMF6"		
"DTAR-014813"	"SLAMF7"	"protein"	"SLAMF7"		
"DTAR-014853"	"SLC5A2"	"protein"	"SLC5A2"		
"DTAR-014856"	"SLC5A5"	"protein"	"SLC5A5"		
"DTAR-014865"	"SLC6A2"	"protein"	"SLC6A2"		
"DTAR-014867"	"SLC6A4"	"protein"	"SLC6A4"		
"DTAR-014871"	"SLC6A8"	"protein"	"SLC6A8"		
"DTAR-014887"	"SLC7A5"	"protein"	"SLC7A5"		
"DTAR-014894"	"SLC7A11"	"protein"	"SLC7A11"		
"DTAR-014969"	"SLC18A1"	"protein"	"SLC18A1"		
"DTAR-014970"	"SLC18A2"	"protein"	"SLC18A2"		
"DTAR-015094"	"SLC34A2"	"protein"	"SLC34A2"		
"DTAR-015151"	"SLC39A6"	"protein"	"SLC39A6"		
"DTAR-015170"	"SLC44A4"	"protein"	"SLC44A4"		
"DTAR-015173"	"SLC45A2"	"protein"	"SLC45A2"		
"DTAR-015249"	"SMARCA2"	"protein"	"SMARCA2"		
"DTAR-015250"	"SMARCA4"	"protein"	"SMARCA4"		
"DTAR-015332"	"SMO"	"protein"	"SMO"		
"DTAR-015359"	"SNAI2"	"protein"	"SNAI2"		
"DTAR-015453"	"SOD1"	"protein"	"SOD1"		
"DTAR-015469"	"SORT1"	"protein"	"SORT1"		
"DTAR-015633"	"SPHK2"	"protein"	"SPHK2"		
"DTAR-015729"	"SQSTM1"	"protein"	"SQSTM1"		
"DTAR-015733"	"SRC"	"protein"	"SRC"		
"DTAR-015812"	"SSTR1"	"protein"	"SSTR1"		
"DTAR-015813"	"SSTR2"	"protein"	"SSTR2"		
"DTAR-015814"	"SSTR3"	"protein"	"SSTR3"		
"DTAR-015816"	"SSTR5"	"protein"	"SSTR5"		
"DTAR-015880"	"STAT3"	"protein"	"STAT3"		
"DTAR-015891"	"STEAP1"	"protein"	"STEAP1"		
"DTAR-015902"	"STING1"	"protein"	"STING1"		
"DTAR-015960"	"STS"	"protein"	"STS"		
"DTAR-016080"	"SYK"	"protein"	"SYK"		
"DTAR-016153"	"TACR1"	"protein"	"TACR1"		
"DTAR-016156"	"TACSTD2"	"protein"	"TACSTD2"		
"DTAR-016327"	"TBL1X"	"protein"	"TBL1X"		
"DTAR-016351"	"TBXA2R"	"protein"	"TBXA2R"		
"DTAR-016353"	"TBXT"	"protein"	"TBXT"		
"DTAR-016413"	"TDO2"	"protein"	"TDO2"		
"DTAR-016443"	"TEK"	"protein"	"TEK"		
"DTAR-016471"	"TERT"	"protein"	"TERT"		
"DTAR-016546"	"TFRC"	"protein"	"TFRC"		
"DTAR-016547"	"TG"	"protein"	"TG"		
"DTAR-016550"	"TGFB1"	"protein"	"TGFB1"		
"DTAR-016552"	"TGFB2"	"protein"	"TGFB2"		
"DTAR-016553"	"TGFB3"	"protein"	"TGFB3"		
"DTAR-016555"	"TGFBR1"	"protein"	"TGFBR1"		
"DTAR-016556"	"TGFBR2"	"protein"	"TGFBR2"		
"DTAR-016573"	"TH"	"protein"	"TH"		
"DTAR-016643"	"TIGIT"	"protein"	"TIGIT"		
"DTAR-016670"	"TIPARP"	"protein"	"TIPARP"		
"DTAR-016705"	"TLR1"	"protein"	"TLR1"		
"DTAR-016706"	"TLR2"	"protein"	"TLR2"		
"DTAR-016708"	"TLR4"	"protein"	"TLR4"		
"DTAR-016709"	"TLR5"	"protein"	"TLR5"		
"DTAR-016710"	"TLR6"	"protein"	"TLR6"		
"DTAR-016711"	"TLR7"	"protein"	"TLR7"		
"DTAR-016712"	"TLR8"	"protein"	"TLR8"		
"DTAR-016713"	"TLR9"	"protein"	"TLR9"		
"DTAR-017050"	"TNC"	"protein"	"TNC"		
"DTAR-017051"	"TNF"	"protein"	"TNF"		
"DTAR-017061"	"TNFRSF1B"	"protein"	"TNFRSF1B"		
"DTAR-017062"	"TNFRSF4"	"protein"	"TNFRSF4"		
"DTAR-017064"	"TNFRSF8"	"protein"	"TNFRSF8"		
"DTAR-017065"	"TNFRSF9"	"protein"	"TNFRSF9"		
"DTAR-017066"	"TNFRSF10A"	"protein"	"TNFRSF10A"		
"DTAR-017067"	"TNFRSF10B"	"protein"	"TNFRSF10B"		
"DTAR-017072"	"TNFRSF12A"	"protein"	"TNFRSF12A"		
"DTAR-017073"	"TNFRSF13B"	"protein"	"TNFRSF13B"		
"DTAR-017074"	"TNFRSF13C"	"protein"	"TNFRSF13C"		
"DTAR-017076"	"TNFRSF17"	"protein"	"TNFRSF17"		
"DTAR-017077"	"TNFRSF18"	"protein"	"TNFRSF18"		
"DTAR-017085"	"TNFSF11"	"protein"	"TNFSF11"		
"DTAR-017087"	"TNFSF13"	"protein"	"TNFSF13"		
"DTAR-017088"	"TNFSF13B"	"protein"	"TNFSF13B"		
"DTAR-017098"	"TNKS"	"protein"	"TNKS"		
"DTAR-017148"	"TOP1"	"protein"	"TOP1"		
"DTAR-017150"	"TOP2A"	"protein"	"TOP2A"		
"DTAR-017151"	"TOP2B"	"protein"	"TOP2B"		
"DTAR-017168"	"TP53"	"protein"	"TP53"		
"DTAR-017197"	"TPH1"	"protein"	"TPH1"		
"DTAR-017206"	"TPO"	"protein"	"TPO"		
"DTAR-017227"	"TPTE"	"protein"	"TPTE"		
"DTAR-017277"	"TRDMT1"	"protein"	"TRDMT1"		
"DTAR-017280"	"TREM1"	"protein"	"TREM1"		
"DTAR-017281"	"TREM2"	"protein"	"TREM2"		
"DTAR-017434"	"TRPV6"	"protein"	"TRPV6"		
"DTAR-017456"	"TSHR"	"protein"	"TSHR"		
"DTAR-017580"	"TTR"	"protein"	"TTR"		
"DTAR-017595"	"TUBB"	"protein"	"TUBB"		
"DTAR-017599"	"TUBB3"	"protein"	"TUBB3"		
"DTAR-017640"	"TXN"	"protein"	"TXN"		
"DTAR-017656"	"TXNRD2"	"protein"	"TXNRD2"		
"DTAR-017658"	"TYK2"	"protein"	"TYK2"		
"DTAR-017659"	"TYMP"	"protein"	"TYMP"		
"DTAR-017660"	"TYMS"	"protein"	"TYMS"		
"DTAR-017661"	"TYR"	"protein"	"TYR"		
"DTAR-017662"	"TYRO3"	"protein"	"TYRO3"		
"DTAR-017664"	"TYRP1"	"protein"	"TYRP1"		
"DTAR-017777"	"UCHL5"	"protein"	"UCHL5"		
"DTAR-017795"	"UGCG"	"protein"	"UGCG"		
"DTAR-017817"	"ULBP1"	"protein"	"ULBP1"		
"DTAR-017818"	"ULBP2"	"protein"	"ULBP2"		
"DTAR-017819"	"ULBP3"	"protein"	"ULBP3"		
"DTAR-017820"	"ULK1"	"protein"	"ULK1"		
"DTAR-017896"	"USP1"	"protein"	"USP1"		
"DTAR-017911"	"USP14"	"protein"	"USP14"		
"DTAR-018037"	"VDAC2"	"protein"	"VDAC2"		
"DTAR-018038"	"VDAC3"	"protein"	"VDAC3"		
"DTAR-018040"	"VEGFA"	"protein"	"VEGFA"		
"DTAR-018041"	"VEGFB"	"protein"	"VEGFB"		
"DTAR-018042"	"VEGFC"	"protein"	"VEGFC"		
"DTAR-018057"	"VIM"	"protein"	"VIM"		
"DTAR-018060"	"VIPR1"	"protein"	"VIPR1"		
"DTAR-018061"	"VIPR2"	"protein"	"VIPR2"		
"DTAR-018126"	"VSIR"	"protein"	"VSIR"		
"DTAR-018137"	"VTCN1"	"protein"	"VTCN1"		
"DTAR-018154"	"VWF"	"protein"	"VWF"		
"DTAR-018244"	"WEE1"	"protein"	"WEE1"		
"DTAR-018302"	"WT1"	"protein"	"WT1"		
"DTAR-018319"	"XBP1"	"protein"	"XBP1"		
"DTAR-018323"	"XDH"	"protein"	"XDH"		
"DTAR-018325"	"XIAP"	"protein"	"XIAP"		
"DTAR-018343"	"XPO1"	"protein"	"XPO1"		
"DTAR-018365"	"YAP1"	"protein"	"YAP1"		
"DTAR-019238"	"Proteasome"	"protein"		"multi protein complex"	
